<mujoco>
  <asset>
    <mesh file="meshes/payload/payload_simplified.stl" name="payload_simplified" smoothnormal="false" scale="0.00115 0.00115 0.00115"/>

    <mesh file="meshes/crazyflie/cf_body.stl" name="crazyflie_body" smoothnormal="true" scale="1.0452 1.0452 1.0452"/>
    <mesh file="meshes/crazyflie/4_motormounts.stl" name="crazyflie_4_motormounts" smoothnormal="true" scale="1.0452 1.0452 1.0452"/>
    <mesh file="meshes/crazyflie/4_motors.stl" name="crazyflie_4_motors" smoothnormal="true" scale="1.0452 1.0452 1.0452"/>
    <mesh file="meshes/crazyflie/ccw_prop.stl" name="crazyflie_ccw_prop" smoothnormal="true" scale="1.0452 1.0452 1.0452"/>
    <mesh file="meshes/crazyflie/cw_prop.stl" name="crazyflie_cw_prop" smoothnormal="true" scale="1.0452 1.0452 1.0452"/>


    <mesh file="meshes/bumblebee/quad_model_no_prop_simplified.stl" name="bumblebee_body" smoothnormal="true" scale="0.001 0.001 0.001"/>
    <mesh file="meshes/bumblebee/ccw_propeller_simplified.stl" name="bumblebee_ccw_prop" smoothnormal="true" scale="0.001 0.001 0.001"/>
    <mesh file="meshes/bumblebee/cw_propeller_simplified.stl" name="bumblebee_cw_prop" smoothnormal="true" scale="0.001 0.001 0.001"/>

    <mesh file="meshes/airplane/WWII_plane.stl" name="airplane_mesh" smoothnormal="true" scale="1.0 1.0 1.0"/>

    <texture name="tex_check" builtin="checker" type="2d" width="256" height="256" rgb1=".8 .1 .1" rgb2=".1 .1 .8"/>
    <material name="material_check" texture="tex_check" texrepeat="2 2" texuniform="true"/>
  </asset>
</mujoco>