<mujoco model="Lagyi">
  <include file="common_assets.xml" />

  <default class="main">
  </default>
  

  <compiler angle="radian" meshdir="" convexhull="false" />
  <option timestep="0.001"/>
  <!--<option gravity="0 0 0"/>-->
  <option>
    <flag sensornoise="enable"/>
  </option>
  <visual>
    <quality shadowsize="0"/>
    <map znear="0.00025" />
  </visual>

  <asset>

    <!--<hfield name="terrain0" file="heightmaps/world0_512_nonsquare.png" size="50 21.77734375 25 0.01" />-->
    <hfield name="terrain0" file="heightmaps/world0_512.png" size="50 50 25 0.01" />
    <texture type="skybox" file="textures/desert.png" gridsize="3 4" gridlayout=".U..LFRB.D.." />
    
    <texture name="tex_ground" type="2d" file="textures/texture0.png" />
    <material name="mat_ground" texture="tex_ground" specular="0.0" shininess="0.0" />
  </asset>

  <worldbody>
    <camera pos="2.867 -5.173 1.776" xyaxes="0.875 0.485 0.000 -0.139 0.252 0.958"/>

    <!--<light dir="0 -0.3 -1" diffuse=".9 .9 .9" specular="0.6 0.9 0.6" pos="1 1 15" cutoff="70"/>
    <light dir="-.2 1 -.4" diffuse=".9 .9 .9" specular="0.6 0.9 0.6" pos="2 -5 6" cutoff="70"/>
    <light dir="-1.0 -1.0 -.4" diffuse=".9 .9 .9" specular="0.6 0.9 0.6" pos="10 10 6" directional="true" cutoff="70"/>-->
    <light dir="-1 -1 -1" diffuse="1.0 1.0 1.0" castshadow="true" specular="0.5 0.5 0.5" directional="true" pos="1000 1000 600" cutoff="100"/>
    <light dir="1 -1 -1" diffuse=".9 .9 .9" castshadow="true" specular="0.5 0.5 0.5" directional="true" pos="10 10 6" cutoff="100"/>
    <light dir="-1 1 -1" diffuse=".9 .9 .9" castshadow="true" specular="0.5 0.5 0.5" directional="true" pos="10 10 6" cutoff="100"/>
    
    <!--<geom size="20 20 .05" type="plane" material="grid" condim="3"/>-->
    <geom name="terrain0" type="hfield" hfield="terrain0" material="mat_ground" />

  </worldbody>

</mujoco>
