<mujoco model="Lagyi-Hfield">    
    <include file="common_assets.xml" />
    <default class="main">
    <!-- 
    rotate by 90 degrees about the vertical axis
    to match the optitrack coordinate system
    -->
    <!--<geom quat="0.7071 0 0 0.7071"/>-->

    <default class="lagyi">
      <geom quat="0 0 0.7071 0.7071" rgba="0.9 0.9 0.9 1"/>
    </default>

    <default class="pole">
      <geom rgba="0.1 0.1 0.1 1"/>
      <default class="pole_top">
        <geom type="cylinder" size="0.022 0.5" pos="0 0 0.5"/>
      </default>
      <default class="pole_bottom1">
        <geom type="box" size="0.02 0.205 0.02" quat="0.7071 0 0 0.7071" pos="0 0 0.02"/>
        <default class="pole_bottom2">
          <geom quat="1 0 0 0"/>
        </default>
      </default>
    </default>
  
  </default>
  

  <compiler angle="radian" meshdir=""/>
  <option timestep="0.001" integrator="implicitfast"/>
  <visual>
    <quality shadowsize="4096"/>
  </visual>

  <asset>
    <mesh file="meshes/crazyflie/cf2_assembly.stl" name="crazyflie" smoothnormal="true" scale="1.5 1.5 1.5"/>
    <mesh file="meshes/building/lagyi_cockpit.stl" name="cockpit" smoothnormal="true" scale="0.0085 0.0085 0.0085"/>
    <mesh file="meshes/building/lagyi_fal1.stl" name="fal1" smoothnormal="true" scale="0.0085 0.0085 0.0085"/>
    <mesh file="meshes/building/lagyi_fal2.stl" name="fal2" smoothnormal="true" scale="0.0085 0.0085 0.0085"/>
    <mesh file="meshes/building/lagyi_oszlop1.stl" name="oszlop1" smoothnormal="true" scale="0.0085 0.0085 0.0085"/>
    <mesh file="meshes/building/lagyi_oszlop2.stl" name="oszlop2" smoothnormal="true" scale="0.0085 0.0085 0.0085"/>
    <mesh file="meshes/building/lagyi_oszlop3.stl" name="oszlop3" smoothnormal="true" scale="0.0085 0.0085 0.0085"/>
    <mesh file="meshes/building/lagyi_oszlop4.stl" name="oszlop4" smoothnormal="true" scale="0.0085 0.0085 0.0085"/>
    

    <texture type="skybox" builtin="gradient" rgb1=".3 .5 .7" rgb2="0 0 0" width="512" height="512"/>
    <texture name="grid" type="2d" builtin="checker" width="512" height="512" rgb1=".1 .1 .1" rgb2=".2 .2 .2"/>
    <texture name="tex-carpet" type="2d" file="textures/carpet_lagyi4.png"/>
    <texture name="tex-roundabout" type="2d" file="textures/roundabout.png"/>

    <material name="grid" texture="grid" texrepeat="1 1" texuniform="true" reflectance=".05"/>
    <material name="mat-carpet" shininess="0.1" texrepeat="0.1308 0.1308" texture="tex-carpet" texuniform="true"/>
    <material name="mat-roundabout" reflectance="0.7" texrepeat="0.667 0.667" texture="tex-roundabout" texuniform="true"/>

    <hfield name="terrain0" file="heightmaps/indoor_hfield_0.png" size="2.5 2.5 0.1 0.001" />
    <hfield name="terrain1" file="heightmaps/indoor_hfield_1.png" size="2.5 2.5 0.1 0.001" />
    <hfield name="terrain2" file="heightmaps/indoor_hfield_2.png" size="2.5 2.5 0.1 0.001" />
    <hfield name="terrain3" file="heightmaps/indoor_hfield_3.png" size="2.5 2.5 0.1 0.001" />
    
  </asset>

  <worldbody>
    <camera pos="2.867 -5.173 1.776" xyaxes="0.875 0.485 0.000 -0.139 0.252 0.958"/>
    <geom size="20 20 .05" type="plane" material="grid" condim="3"/>

    <light dir="0 -0.3 -1" diffuse=".9 .9 .9" specular="0.6 0.9 0.6" pos="1 1 15" cutoff="70"/>
    <light dir="-.2 1 -.4" diffuse=".9 .9 .9" specular="0.6 0.9 0.6" pos="2 -5 6" cutoff="70"/>
    <light dir="-1.0 -1.0 -.4" diffuse=".9 .9 .9" specular="0.6 0.9 0.6" pos="10 10 6" directional="true" cutoff="70"/>
    
    <geom name="roundabout" size="1.5 1.5 .05" quat="1 0 0 0" pos="0 0 0.001" type="plane" material="mat-roundabout" condim="3"/>
    <geom name="carpet" size="7.644 7.644 .001" pos="3.16 1.115 0.0005" quat="0.7071 0 0 0.7071" type="plane" material="mat-carpet"/>

    <body name="lagyi" pos="1.45 -2.8 0" childclass="lagyi">
      <geom name="cockpit" type="mesh" mesh="cockpit"/>
      <geom name="fal1" type="mesh" mesh="fal1"/>
      <geom name="fal2" type="mesh" mesh="fal2"/>
      <geom name="oszlop1" type="mesh" mesh="oszlop1" rgba="0.3 0.3 0.3 1"/>
      <geom name="oszlop2" type="mesh" mesh="oszlop2" rgba="0.3 0.3 0.3 1"/>
      <geom name="oszlop3" type="mesh" mesh="oszlop3" rgba="0.3 0.3 0.3 1"/>
      <geom name="oszlop4" type="mesh" mesh="oszlop4" rgba="0.3 0.3 0.3 1"/>
    </body>
  

  </worldbody>

</mujoco>
